{
    "name": "root",
    "gauges": {
        "Jumper.Policy.Entropy.mean": {
            "value": 0.6931355595588684,
            "min": 0.6931355595588684,
            "max": 0.6931355595588684,
            "count": 1
        },
        "Jumper.Policy.Entropy.sum": {
            "value": 1386.9642333984375,
            "min": 1386.9642333984375,
            "max": 1386.9642333984375,
            "count": 1
        },
        "Jumper.Step.mean": {
            "value": 1997.0,
            "min": 1997.0,
            "max": 1997.0,
            "count": 1
        },
        "Jumper.Step.sum": {
            "value": 1997.0,
            "min": 1997.0,
            "max": 1997.0,
            "count": 1
        },
        "Jumper.Policy.ExtrinsicValueEstimate.mean": {
            "value": -0.04313897341489792,
            "min": -0.04313897341489792,
            "max": -0.04313897341489792,
            "count": 1
        },
        "Jumper.Policy.ExtrinsicValueEstimate.sum": {
            "value": -30.628671646118164,
            "min": -30.628671646118164,
            "max": -30.628671646118164,
            "count": 1
        },
        "Jumper.Environment.EpisodeLength.mean": {
            "value": 17.556603773584907,
            "min": 17.556603773584907,
            "max": 17.556603773584907,
            "count": 1
        },
        "Jumper.Environment.EpisodeLength.sum": {
            "value": 1861.0,
            "min": 1861.0,
            "max": 1861.0,
            "count": 1
        },
        "Jumper.Environment.CumulativeReward.mean": {
            "value": -0.660377358490566,
            "min": -0.660377358490566,
            "max": -0.660377358490566,
            "count": 1
        },
        "Jumper.Environment.CumulativeReward.sum": {
            "value": -70.0,
            "min": -70.0,
            "max": -70.0,
            "count": 1
        },
        "Jumper.Policy.ExtrinsicReward.mean": {
            "value": -0.660377358490566,
            "min": -0.660377358490566,
            "max": -0.660377358490566,
            "count": 1
        },
        "Jumper.Policy.ExtrinsicReward.sum": {
            "value": -70.0,
            "min": -70.0,
            "max": -70.0,
            "count": 1
        },
        "Jumper.Losses.PolicyLoss.mean": {
            "value": 0.14619432511695085,
            "min": 0.14619432511695085,
            "max": 0.14619432511695085,
            "count": 1
        },
        "Jumper.Losses.PolicyLoss.sum": {
            "value": 1.023360275818656,
            "min": 1.023360275818656,
            "max": 1.023360275818656,
            "count": 1
        },
        "Jumper.Losses.ValueLoss.mean": {
            "value": 0.09533517492231372,
            "min": 0.09533517492231372,
            "max": 0.09533517492231372,
            "count": 1
        },
        "Jumper.Losses.ValueLoss.sum": {
            "value": 0.6673462244561961,
            "min": 0.6673462244561961,
            "max": 0.6673462244561961,
            "count": 1
        },
        "Jumper.Policy.LearningRate.mean": {
            "value": 0.00029938071449214283,
            "min": 0.00029938071449214283,
            "max": 0.00029938071449214283,
            "count": 1
        },
        "Jumper.Policy.LearningRate.sum": {
            "value": 0.002095665001445,
            "min": 0.002095665001445,
            "max": 0.002095665001445,
            "count": 1
        },
        "Jumper.Policy.Epsilon.mean": {
            "value": 0.19979357142857143,
            "min": 0.19979357142857143,
            "max": 0.19979357142857143,
            "count": 1
        },
        "Jumper.Policy.Epsilon.sum": {
            "value": 1.398555,
            "min": 1.398555,
            "max": 1.398555,
            "count": 1
        },
        "Jumper.Policy.Beta.mean": {
            "value": 0.004989699214285714,
            "min": 0.004989699214285714,
            "max": 0.004989699214285714,
            "count": 1
        },
        "Jumper.Policy.Beta.sum": {
            "value": 0.0349278945,
            "min": 0.0349278945,
            "max": 0.0349278945,
            "count": 1
        },
        "Jumper.IsTraining.mean": {
            "value": 1.0,
            "min": 1.0,
            "max": 1.0,
            "count": 1
        },
        "Jumper.IsTraining.sum": {
            "value": 1.0,
            "min": 1.0,
            "max": 1.0,
            "count": 1
        }
    },
    "metadata": {
        "timer_format_version": "0.1.0",
        "start_time_seconds": "1638975098",
        "python_version": "3.9.7 (default, Sep 16 2021, 16:59:28) [MSC v.1916 64 bit (AMD64)]",
        "command_line_arguments": "C:\\Users\\woutv\\anaconda3\\envs\\mlagents\\Scripts\\mlagents-learn Jumper.yaml --run-id Jump01",
        "mlagents_version": "0.27.0",
        "mlagents_envs_version": "0.27.0",
        "communication_protocol_version": "1.5.0",
        "pytorch_version": "1.7.1+cu110",
        "numpy_version": "1.21.4",
        "end_time_seconds": "1638975124"
    },
    "total": 26.2886785,
    "count": 1,
    "self": 0.0034681999999968127,
    "children": {
        "run_training.setup": {
            "total": 0.07198709999999997,
            "count": 1,
            "self": 0.07198709999999997
        },
        "TrainerController.start_learning": {
            "total": 26.2132232,
            "count": 1,
            "self": 0.059672200000051134,
            "children": {
                "TrainerController._reset_env": {
                    "total": 3.7675565,
                    "count": 1,
                    "self": 3.7675565
                },
                "TrainerController.advance": {
                    "total": 22.33273909999995,
                    "count": 3054,
                    "self": 0.021790200000047832,
                    "children": {
                        "env_step": {
                            "total": 22.310948899999904,
                            "count": 3054,
                            "self": 13.666379999999823,
                            "children": {
                                "SubprocessEnvManager._take_step": {
                                    "total": 8.62123110000005,
                                    "count": 3054,
                                    "self": 0.09779880000009022,
                                    "children": {
                                        "TorchPolicy.evaluate": {
                                            "total": 8.52343229999996,
                                            "count": 2914,
                                            "self": 3.7984027000000484,
                                            "children": {
                                                "TorchPolicy.sample_actions": {
                                                    "total": 4.725029599999912,
                                                    "count": 2914,
                                                    "self": 4.725029599999912
                                                }
                                            }
                                        }
                                    }
                                },
                                "workers": {
                                    "total": 0.023337800000030384,
                                    "count": 3053,
                                    "self": 0.0,
                                    "children": {
                                        "worker_root": {
                                            "total": 23.13199990000003,
                                            "count": 3053,
                                            "is_parallel": true,
                                            "self": 11.23240819999993,