{"count":1,"self":211.4949888,"total":954.5041196,"children":{"InitializeActuators":{"count":9,"self":0.0010003,"total":0.0010003,"children":null},"InitializeSensors":{"count":9,"self":0.0010002,"total":0.0010002,"children":null},"AgentSendState":{"count":277834,"self":5.6839151999999995,"total":83.385767199999989,"children":{"CollectObservations":{"count":500103,"self":0.36924789999999996,"total":0.36924789999999996,"children":null},"WriteActionMask":{"count":500103,"self":0.3235317,"total":0.3235317,"children":null},"RequestDecision":{"count":500103,"self":1.1840355,"total":77.0090723,"children":{"AgentInfo.ToProto":{"count":500103,"self":1.4930099,"total":75.825036799999992,"children":{"GenerateSensorData":{"count":500103,"self":73.91983359999999,"total":74.3320269,"children":{"RayPerceptionSensor.Perceive":{"count":500103,"self":0.4121933,"total":0.4121933,"children":null}}}}}}}}},"DecideAction":{"count":277834,"self":615.35129599999993,"total":615.3513061,"children":null},"AgentAct":{"count":277834,"self":43.518159999999995,"total":43.5181612,"children":null},"AgentInfo.ToProto":{"count":4375,"self":0.014999499999999999,"total":0.7519013,"children":{"GenerateSensorData":{"count":4375,"self":0.72844029999999993,"total":0.73690179999999994,"children":{"RayPerceptionSensor.Perceive":{"count":4375,"self":0.0084615,"total":0.0084615,"children":null}}}}}},"gauges":{"Jumper.CumulativeReward":{"count":4375,"max":4.92999935,"min":-2.045,"runningAverage":-1.10458183,"value":-1.015,"weightedAverage":-1.36549258}},"metadata":{"timer_format_version":"0.1.0","start_time_seconds":"1638989568","unity_version":"2020.3.23f1","command_line_arguments":"C:\\Program Files\\Unity\\Hub\\Editor\\2020.3.23f1\\Editor\\Unity.exe -rebuildlibrary -cloudEnvironment production -cloudProject d9b65e08-9d03-4300-8c79-2ca0ca528b8e -projectpath D:\\Github\\jumper-assignment-Wovi10","communication_protocol_version":"1.5.0","com.unity.ml-agents_version":"2.0.0","scene_name":"Jumper scene","end_time_seconds":"1638990522"}}