{
    "name": "root",
    "gauges": {
        "Jumper.Policy.Entropy.mean": {
            "value": 0.00036173383705317974,
            "min": 0.00036173383705317974,
            "max": 0.686582088470459,
            "count": 59
        },
        "Jumper.Policy.Entropy.sum": {
            "value": 0.7292554378509521,
            "min": 0.7292554378509521,
            "max": 1384.1495361328125,
            "count": 59
        },
        "Jumper.Step.mean": {
            "value": 117998.0,
            "min": 1999.0,
            "max": 117998.0,
            "count": 59
        },
        "Jumper.Step.sum": {
            "value": 117998.0,
            "min": 1999.0,
            "max": 117998.0,
            "count": 59
        },
        "Jumper.Policy.ExtrinsicValueEstimate.mean": {
            "value": -0.07252474129199982,
            "min": -0.13039548695087433,
            "max": -0.0631527304649353,
            "count": 59
        },
        "Jumper.Policy.ExtrinsicValueEstimate.sum": {
            "value": -48.954200744628906,
            "min": -87.49536895751953,
            "max": -42.438636779785156,
            "count": 59
        },
        "Jumper.Losses.PolicyLoss.mean": {
            "value": 0.13606957194861025,
            "min": 0.11662989567654827,
            "max": 0.1499020038394346,
            "count": 59
        },
        "Jumper.Losses.PolicyLoss.sum": {
            "value": 1.088556575588882,
            "min": 0.8164092697358379,
            "max": 1.170638723221297,
            "count": 59
        },
        "Jumper.Losses.ValueLoss.mean": {
            "value": 0.010783923332022976,
            "min": 0.00893821315759169,
            "max": 0.030813742084449453,
            "count": 59
        },
        "Jumper.Losses.ValueLoss.sum": {
            "value": 0.08627138665618381,
            "min": 0.06266831466064104,
            "max": 0.21569619459114617,
            "count": 59
        },
        "Jumper.Policy.LearningRate.mean": {
            "value": 0.0007660982733901751,
            "min": 0.0007660982733901751,
            "max": 0.0009978551430716285,
            "count": 59
        },
        "Jumper.Policy.LearningRate.sum": {
            "value": 0.006128786187121401,
            "min": 0.0053903761609624,
            "max": 0.007951492004850801,
            "count": 59
        },
        "Jumper.Policy.Epsilon.mean": {
            "value": 0.176609825,
            "min": 0.176609825,
            "max": 0.1997855142857143,
            "count": 59
        },
        "Jumper.Policy.Epsilon.sum": {
            "value": 1.4128786,
            "min": 1.2390376,
            "max": 1.5951492000000003,
            "count": 59
        },
        "Jumper.Policy.Beta.mean": {
            "value": 0.0038328302675000006,
            "min": 0.0038328302675000006,
            "max": 0.004989297162857142,
            "count": 59
        },
        "Jumper.Policy.Beta.sum": {
            "value": 0.030662642140000005,
            "min": 0.026967976240000004,
            "max": 0.03975794508,
            "count": 59
        },
        "Jumper.Environment.EpisodeLength.mean": {
            "value": 117.75,
            "min": 110.88235294117646,
            "max": 143.5,
            "count": 59
        },
        "Jumper.Environment.EpisodeLength.sum": {
            "value": 1884.0,
            "min": 1148.0,
            "max": 2374.0,
            "count": 59
        },
        "Jumper.Environment.CumulativeReward.mean": {
            "value": -1.0029411765144152,
            "min": -1.1750000002793968,
            "max": -0.8249999981905732,
            "count": 59
        },
        "Jumper.Environment.CumulativeReward.sum": {
            "value": -17.050000000745058,
            "min": -20.149999920278788,
            "max": -9.400000002235174,
            "count": 59
        },
        "Jumper.Policy.ExtrinsicReward.mean": {
            "value": -1.0029411765144152,
            "min": -1.1750000002793968,
            "max": -0.8249999981905732,
            "count": 59
        },
        "Jumper.Policy.ExtrinsicReward.sum": {
            "value": -17.050000000745058,
            "min": -20.149999920278788,
            "max": -9.400000002235174,
            "count": 59
        },
        "Jumper.IsTraining.mean": {
            "value": 1.0,
            "min": 1.0,
            "max": 1.0,
            "count": 59
        },
        "Jumper.IsTraining.sum": {
            "value": 1.0,
            "min": 1.0,
            "max": 1.0,
            "count": 59
        }
    },
    "metadata": {
        "timer_format_version": "0.1.0",
        "start_time_seconds": "1638982160",
        "python_version": "3.9.7 (default, Sep 16 2021, 16:59:28) [MSC v.1916 64 bit (AMD64)]",
        "command_line_arguments": "C:\\Users\\woutv\\anaconda3\\envs\\mlagents\\Scripts\\mlagents-learn Jumper.yaml --run-id TestParallel02",
        "mlagents_version": "0.27.0",
        "mlagents_envs_version": "0.27.0",
        "communication_protocol_version": "1.5.0",
        "pytorch_version": "1.7.1+cu110",
        "numpy_version": "1.21.4",
        "end_time_seconds": "1638982362"
    },
    "total": 202.2759222,
    "count": 1,
    "self": 0.003599999999977399,
    "children": {
        "run_training.setup": {
            "total": 0.07634580000000002,
            "count": 1,
            "self": 0.07634580000000002
        },
        "TrainerController.start_learning": {
            "total": 202.1959764,
            "count": 1,
            "self": 0.2437664000007942,
            "children": {
                "TrainerController._reset_env": {
                    "total": 6.7337492999999995,
                    "count": 1,
                    "self": 6.7337492999999995
                },
                "TrainerController.advance": {
                    "total": 195.16975449999921,
                    "count": 14226,
                    "self": 0.11980729999987716,
                    "children": {
                        "env_step": {
                            "total": 195.04994719999934,
                            "count": 14226,
                            "self": 148.54014700000073,
                            "children": {
                                "SubprocessEnvManager._take_step": {
                                    "total": 46.388246700000394,
                                    "count": 14226,
                                    "self": 0.5115799999997961,
                                    "children": {
                                        "TorchPolicy.evaluate": {
                                            "total": 45.8766667000006,
                                            "count": 13324,
                                            "self": 16.065600500000915,
                                            "children": {
                                                "TorchPolicy.sample_actions": {
                                                    "total": 29.811066199999683,
                                                    "count": 13324,
                                                    "self": 29.811066199999683
                                                }
                                            }
                                        }
                                    }
                                },
                                "workers": {
                                    "total": 0.12155349999822462,
                                    "count": 14225,
                                    "self": 0.0,
                                    "children": {
                                        "worker_root": {
                                            "total": 195.89354509999953,
                                            "count": 14225,
                                            "is_parallel": true,
                                            "self": 124.7855347999997,